{
  "phases": {
    "subphase_cp_kbitem": {
      "total_items_processed": 624,
      "total_duration_seconds": 140054.33204606394,
      "avg_time_per_item_seconds": 224.44604494561528
    },
    "llm_categorization": {
      "total_items_processed": 204,
      "total_duration_seconds": 1560.1769179920573,
      "avg_time_per_item_seconds": 7.647926068588516
    },
    "content_processing": {
      "total_items_processed": 40,
      "total_duration_seconds": 2.014517068862915,
      "avg_time_per_item_seconds": 0.05036292672157287
    },
    "accuracy_test": {
      "total_items_processed": 20,
      "total_duration_seconds": 0.003269195556640625,
      "avg_time_per_item_seconds": 0.00016345977783203126
    },
    "readme_generation": {
      "total_items_processed": 1379,
      "total_duration_seconds": 19036.281142234802,
      "avg_time_per_item_seconds": 13.804409820329806
    },
    "embedding_generation": {
      "total_items_processed": 6644,
      "total_duration_seconds": 432.17381858825684,
      "avg_time_per_item_seconds": 0.06504723338173643
    },
    "synthesis_generation": {
      "total_items_processed": 263,
      "total_duration_seconds": 34463.88992738724,
      "avg_time_per_item_seconds": 131.04140656801232
    },
    "subphase_cp_db": {
      "total_items_processed": 213,
      "total_duration_seconds": 20.97907874197699,
      "avg_time_per_item_seconds": 0.09849332742712202
    },
    "subphase_cp_media": {
      "total_items_processed": 21,
      "total_duration_seconds": 0.036202192306518555,
      "avg_time_per_item_seconds": 0.0017239139193580264
    },
    "tweet_caching": {
      "total_items_processed": 40,
      "total_duration_seconds": 265.6133990287781,
      "avg_time_per_item_seconds": 6.640334975719452
    },
    "media_analysis": {
      "total_items_processed": 27,
      "total_duration_seconds": 0.68727707862854,
      "avg_time_per_item_seconds": 0.025454706615871854
    },
    "database_sync": {
      "total_items_processed": 1010,
      "total_duration_seconds": 257.9261183559429,
      "avg_time_per_item_seconds": 0.25537239441182463
    },
    "kb_item_generation": {
      "total_items_processed": 50,
      "total_duration_seconds": 3478.025423952873,
      "avg_time_per_item_seconds": 69.56050847905746
    },
    "llm_processing": {
      "total_items_processed": 11,
      "total_duration_seconds": 63.811691999435425,
      "avg_time_per_item_seconds": 5.801062909039584
    }
  },
  "last_updated_timestamp": "2025-07-25T12:15:00.875726+00:00",
  "legacy_stats": {
    "start_time": "2025-05-02T10:44:26.671328",
    "processed_count": 1,
    "success_count": 0,
    "error_count": 0,
    "skipped_count": 0,
    "media_processed": 0,
    "cache_hits": 0,
    "cache_misses": 0,
    "network_errors": 0,
    "retry_count": 0,
    "success_rate": "0.0%",
    "cache_hit_rate": "0.0%",
    "error_rate": "0.0%",
    "average_retries": "0.00",
    "duration": "0:13:11.678051"
  },
  "runtime_phase_estimates": {},
  "phase_averages": {
    "test_estimation_phase": {
      "average_time_per_item": 2.75,
      "total_items_processed": 10,
      "last_updated": "2025-05-28T14:44:58.450733+00:00",
      "sample_size": 10
    }
  }
}